fast,mid,atr_rise_bars,trades,win_rate,net_profit,profit_factor,max_dd
3,10,2,3602,25.12493059411438,1028.521861179725,1.12344151277434,391.0675888577546
3,10,3,1985,26.14609571788413,50.32444774894566,1.011481721195425,397.332992202377
3,10,4,1145,27.685589519650655,35.60659643485866,1.0151458562365,320.8959608540913
3,10,5,631,25.990491283676704,-119.19700340207618,0.9093846262487137,286.18329479298063
3,10,6,340,22.941176470588236,-202.68666033701237,0.7389191175784166,247.31402466148927
3,10,7,184,25.543478260869566,-20.466975162851952,0.9497948658836641,84.67193792783223
3,10,8,89,24.719101123595507,43.46549700619545,1.2188325022897664,45.71383747589732
3,15,2,3061,20.026135249918326,-562.6310504805982,0.9276580320767707,1293.5765982345647
3,15,3,1777,21.553179516038266,-282.52903614008864,0.9333327590556715,658.8685878682649
3,15,4,1002,22.355289421157686,-117.5923026641467,0.9481328420189393,391.2357437438885
3,15,5,521,22.072936660268713,-272.30009666191427,0.7739929493657692,412.85000124140277
3,15,6,277,18.772563176895307,-350.83667394059364,0.504640562604292,362.359710605117
3,15,7,142,21.830985915492956,-105.18639537327277,0.6931877805483627,120.44876311331325
3,15,8,77,22.07792207792208,-48.43417682607037,0.7223195906243699,65.95554205884821
3,20,2,2715,17.12707182320442,-61.167083740710666,0.9911139264362204,539.762063086533
3,20,3,1621,17.273288093769278,-560.452903516491,0.8593718255108667,724.0371470210773
3,20,4,916,18.88646288209607,-135.05977934267042,0.9376305516075205,347.61299222022205
3,20,5,476,16.596638655462186,-110.14717966574625,0.9054089909108006,278.5345638230468
3,20,6,257,14.785992217898833,-293.3940936155129,0.5497840155226196,349.42114713366175
3,20,7,132,18.181818181818183,-87.64211237192751,0.7182126000510118,123.78389775564608
3,20,8,76,18.42105263157895,-68.10837669107349,0.6054853040413517,102.06411408880888
3,25,2,2509,14.98605021921084,44.75701869203522,1.0069529537997022,595.6379632730724
3,25,3,1543,15.359688917692806,-196.53164961104136,0.948358765007557,381.05628063891606
3,25,4,900,15.555555555555555,-350.24214887806613,0.8397634690822959,486.8028297902217
3,25,5,472,13.347457627118644,-394.805793755795,0.6716152153656061,525.9419011742541
3,25,6,255,12.549019607843137,-196.23424753597112,0.7013333045090198,259.13425497956837
3,25,7,125,13.6,-86.06641409298487,0.7602048535158726,138.7002457005326
3,25,8,68,13.235294117647058,-90.78848667856028,0.5025519726188955,108.77658812381407
3,30,2,2310,14.025974025974026,598.5245855888312,1.0996384271087902,368.1598006110926
3,30,3,1453,14.452856159669649,592.1802297968387,1.1645882426433654,213.36236366647347
3,30,4,846,15.130023640661939,673.8793248746858,1.324582689867107,179.92793371611606
3,30,5,452,15.044247787610619,175.6768175886425,1.1592988009125138,201.09286597278174
3,30,6,232,13.362068965517242,36.67553157340461,1.0627753642680065,127.8619991230205
3,30,7,112,12.5,54.52226294016958,1.1722076138962656,92.35365631617697
3,30,8,55,12.727272727272727,128.93593728160903,2.0841871218857206,55.326541962766214
4,10,2,3302,23.440339188370686,-288.2327020364818,0.9639734462723336,762.1778710661755
4,10,3,1826,24.315443592552025,-457.08219790610343,0.8939231499037713,523.0440780689468
4,10,4,994,26.559356136820927,11.963277271076663,1.0055691933052309,176.1966239119929
4,10,5,549,24.225865209471767,-378.85974270794463,0.6907266756885599,408.9331518261772
4,10,6,299,25.418060200668897,-201.32183795363238,0.7070326559369623,234.27039130812193
4,10,7,157,26.751592356687897,-81.49916711621091,0.7730771095180068,121.96057684724246
4,10,8,80,31.25,-4.061156229740902,0.9756483295939596,67.42831041734132
4,15,2,2698,18.865826538176428,-668.374136277878,0.9024290440185381,1308.091289702215
4,15,3,1588,19.080604534005037,-801.2579370698447,0.7917619505560588,926.8214676306013
4,15,4,869,21.173762945914845,-259.0489639219416,0.8733856825348083,467.939486094926
4,15,5,458,19.43231441048035,-301.3052022927512,0.7192002558290826,368.56241809140727
4,15,6,241,16.597510373443985,-237.5050361816913,0.6022590841421918,255.97632676342528
4,15,7,119,19.327731092436974,-76.92114247326015,0.7160650471183458,95.10175433874292
4,15,8,61,21.311475409836067,-27.513307340529877,0.7737826084313246,56.71689033137454
4,20,2,2368,16.469594594594593,21.41640088524605,1.00343992503884,472.93803662093796
4,20,3,1481,16.812964213369344,-411.03917182223154,0.8905351911779916,547.6400155752661
4,20,4,822,17.883211678832115,-354.28970789052545,0.830834650865988,520.0727166567843
4,20,5,424,17.21698113207547,-163.04284972517763,0.843445226237616,283.3759215321096
4,20,6,206,16.019417475728154,-72.68067873183827,0.8589657643353664,137.69297680991895
4,20,7,104,17.307692307692307,-13.115550160937232,0.9506796163324668,91.1182827028482
4,20,8,57,15.789473684210526,-15.835897028176817,0.8737127975996017,58.95915588313164
4,25,2,2152,15.381040892193308,240.8222152406526,1.0433358126583385,534.7736158041057
4,25,3,1345,15.985130111524164,-140.2980465068905,0.9593100522641016,435.12090941063
4,25,4,802,16.209476309226932,-180.73988131879855,0.9132388828595989,387.407743957868
4,25,5,415,14.939759036144578,-176.79818047960094,0.8365776421593429,327.8357568170636
4,25,6,199,14.07035175879397,-54.65422703328471,0.8958975485928425,137.49046546772843
4,25,7,106,15.09433962264151,-104.7260121568483,0.6716908950059111,121.68335510327802
4,25,8,50,14.0,-42.13478339877838,0.6248843565610048,51.25011223664802
4,30,2,1961,15.09433962264151,670.9650137968447,1.1268884175749632,403.4937416554376
4,30,3,1246,15.409309791332264,164.29333479961923,1.0485248501430318,365.72109417500405
4,30,4,735,15.918367346938776,98.8476803525399,1.05154404467184,240.91274868902428
4,30,5,393,12.72264631043257,-129.95524004068108,0.86950388488655,328.74311078173605
4,30,6,196,10.204081632653061,-235.15406414985188,0.5591363309888884,296.1927315900763
4,30,7,106,12.264150943396226,-138.99443414132998,0.536985305743903,192.74606001354755
4,30,8,43,13.953488372093023,-46.32306429036697,0.5689396668868357,65.66612850476827
5,10,2,3212,24.22166874221669,-204.98968008362846,0.9735020212433005,781.8599196945679
5,10,3,1771,25.352907961603613,-428.4290370752254,0.8970518223263707,626.700669040222
5,10,4,961,27.36732570239334,15.156028523972736,1.0071340482716882,232.77897659641212
5,10,5,498,27.10843373493976,-194.25306764772432,0.8264145486848695,250.13904902737568
5,10,6,285,25.263157894736842,-153.825762542512,0.7482334745372906,192.47914987002355
5,10,7,152,27.63157894736842,-70.41506176429743,0.7744444869772095,110.87193385246303
5,10,8,82,32.926829268292686,65.03745530058967,1.5166929409102077,38.55992383138164
5,15,2,2447,19.3297915815284,-468.9629557413402,0.9244859349849046,953.4743912468723
5,15,3,1452,20.24793388429752,-337.91413681700317,0.9055922257789744,445.69908378660955
5,15,4,794,22.292191435768263,-291.2825603986286,0.8469851290596005,471.08415738078907
5,15,5,397,23.173803526448363,-109.14137068690502,0.8820286342916295,236.25023567863195
5,15,6,200,21.5,-99.01023393622904,0.7695079150391566,163.05245644395472
5,15,7,104,21.153846153846153,-74.60444322775237,0.6608957431349665,99.67855587725455
5,15,8,55,25.454545454545453,4.19349567204921,1.0531990566853318,31.340251679832818
5,20,2,2133,16.59634317862166,233.69492854346117,1.0420135905395125,523.4954972130083
5,20,3,1341,16.92766592095451,-167.09282371505037,0.9519388702395928,482.07665824914966
5,20,4,773,18.240620957309186,-119.36563555130618,0.9387977016096611,327.2065454594017
5,20,5,397,17.632241813602015,-6.931829281479793,0.9923332500975113,230.35856887822172
5,20,6,189,17.46031746031746,-11.804804715861508,0.9736679049796411,130.93026421725563
5,20,7,104,17.307692307692307,-22.19681369569122,0.9140414065525775,90.9391889612807
5,20,8,50,20.0,-18.91119439701322,0.8076785854887606,44.96787608883437
5,25,2,1936,14.927685950413224,362.66902888861824,1.0730743959664077,337.0557486020607
5,25,3,1237,15.359741309620048,-286.00297076209375,0.9141903468531171,409.466099160014
5,25,4,724,15.469613259668508,75.16986647326695,1.0429682014918364,210.61067182259626
5,25,5,400,13.5,-157.04949084015811,0.8276245172191202,230.035108563388
5,25,6,185,11.35135135135135,-193.05175698309773,0.5807977493880201,261.43274249410695
5,25,7,89,11.235955056179776,-142.10391023112066,0.4600995475092351,200.83478517471292
5,25,8,39,12.820512820512821,-65.14053460815478,0.27966217505607127,65.87349939850583
5,30,2,1762,14.415437003405222,324.77912896975226,1.0700647985703948,411.2111018335295
5,30,3,1131,14.677276746242264,62.41085229144488,1.0199011078436213,322.06479086479294
5,30,4,686,15.306122448979592,-149.92390682476088,0.9112983313910273,333.132891978041
5,30,5,366,13.114754098360656,-77.25894948509233,0.9147006435695257,223.52329366693516
5,30,6,182,8.791208791208792,-144.7404518912964,0.6812378975808212,228.6276342734277
5,30,7,89,7.865168539325842,-151.64350196742856,0.380068962883249,174.2402101725429
5,30,8,37,10.81081081081081,-80.05906975046781,0.33377973286544427,86.69400767833577
6,10,2,3134,25.813656668793875,38.44428284108619,1.0051851563934946,638.9668047792911
6,10,3,1820,27.142857142857142,16.214250109619,1.0038973042543202,330.07918410083903
6,10,4,988,28.13765182186235,110.6613562768415,1.0526783585106294,224.81828284853327
6,10,5,499,28.857715430861724,37.699186721894364,1.038516474996719,122.06094012015365
6,10,6,238,26.470588235294116,-74.83772150127447,0.8348418824314547,130.2935878839271
6,10,7,139,26.618705035971225,-22.052626337032848,0.9164586622369068,75.27674021081702
6,10,8,74,25.675675675675677,-28.132201444244004,0.7853031458361434,69.92133122282144
6,15,2,2304,18.96701388888889,-67.09657179303753,0.9889136460251755,731.9751186311462
6,15,3,1374,18.995633187772924,-621.8811519503445,0.8279011394181827,658.0925299005189
6,15,4,769,19.765929778933682,-283.66113960290915,0.8534263917535452,430.83227610134395
6,15,5,370,18.64864864864865,-125.75678768020197,0.866019029990918,203.52563344935857
6,15,6,172,16.86046511627907,-76.60214748665771,0.8149716180176904,137.81434144621858
6,15,7,87,19.54022988505747,-21.460658456773956,0.9085069994347375,64.17113657897221
6,15,8,48,18.75,-58.28333988173182,0.5751117532606365,64.20260241071264
6,20,2,1989,16.792357968828558,379.7908878046794,1.073041778402257,436.9675472946178
6,20,3,1240,17.096774193548388,-51.571844599884685,0.9842507167248146,345.26521817694174
6,20,4,723,18.672199170124482,-43.03615969025083,0.9769709392603853,360.9244122785997
6,20,5,370,18.37837837837838,-70.48725426291588,0.9236512419478003,222.69445410081062
6,20,6,164,15.24390243902439,-138.79809766168512,0.7002123848049594,212.59665045500992
6,20,7,83,16.867469879518072,-45.111389266559286,0.8284029408783012,91.33506160215597
6,20,8,47,12.76595744680851,-112.3050368267971,0.22885976291295285,112.3050368267971
6,25,2,1791,15.131211613623673,710.6064347170455,1.1575175722017546,353.0776566802492
6,25,3,1156,14.878892733564014,-379.23368808998725,0.8775264459634422,539.2206176918849
6,25,4,689,15.09433962264151,56.17992802746858,1.0340661954568067,323.29673040840635
6,25,5,366,13.934426229508198,-229.86410393734576,0.7330464678689339,266.90999556851307
6,25,6,166,10.240963855421686,-241.79005295216086,0.4140696410461831,277.3487473757899
6,25,7,85,15.294117647058824,-96.41314465103756,0.6057901418874021,142.20413071777637
6,25,8,37,18.91891891891892,-55.72036283043201,0.5061143092211181,81.30904375439889
6,30,2,1619,13.465101914762199,-83.80239537179511,0.9803751684074763,656.9687934111967
6,30,3,1052,13.783269961977187,-76.45252420172,0.9734095982936145,376.6945894920425
6,30,4,634,13.091482649842272,-375.0040964239124,0.7817388557779098,525.0069078472627
6,30,5,355,13.23943661971831,-125.7433102582985,0.8558854430822325,205.61282851658711
6,30,6,172,9.883720930232558,-196.73009424569608,0.5427434660858229,286.39982642960797
6,30,7,85,12.941176470588236,-84.57777779986304,0.6128238123925835,102.2353953139102
6,30,8,39,12.820512820512821,-88.56635727721113,0.2829584742493725,105.7453824429075
7,10,2,3174,26.18147448015123,102.15767782127494,1.0135828607205417,588.99085807353
7,10,3,1858,27.341227125941874,-229.05225490440608,0.9488636153461866,433.5418268221218
7,10,4,1019,28.753680078508342,-190.84555734119863,0.9130165931593188,281.7997239670166
7,10,5,513,28.07017543859649,-23.22298092982436,0.9784739794385884,175.5366490832714
7,10,6,236,31.35593220338983,-89.62471997919471,0.8136176012599295,138.9237638330012
7,10,7,116,33.62068965517241,-46.650930775997494,0.8114359124289781,75.74240284815005
7,10,8,66,28.78787878787879,-86.5492417110109,0.462924921072731,102.21015892691264
7,15,2,2230,18.161434977578477,-519.0590531450082,0.9054786727288786,916.455539998163
7,15,3,1344,19.49404761904762,-459.1951627694708,0.8623365145281009,532.1600112419881
7,15,4,787,20.076238881829735,-681.1186211579006,0.6661671903834568,722.3570061001939
7,15,5,383,21.93211488250653,-169.01695113314963,0.8119269099757875,266.1811432695399
7,15,6,160,19.375,-141.48883091459317,0.6160816200467557,162.1911936149686
7,15,7,77,25.974025974025974,-54.84285114616989,0.7177890880378265,99.40765973911084
7,15,8,38,18.42105263157895,-57.50016130741358,0.48697288943310746,78.06029426088458
7,20,2,1868,16.970021413276232,439.55496424912036,1.0888161172658293,448.0755837057377
7,20,3,1150,17.304347826086957,74.15179816866316,1.0245406697457056,265.35166570205206
7,20,4,656,18.140243902439025,-150.30453321099617,0.9137041091251142,398.5065976761755
7,20,5,351,18.233618233618234,-48.97420902472703,0.9468084574510875,176.74460196312418
7,20,6,157,15.286624203821656,-175.8218905846304,0.6085033390624348,189.93868206569334
7,20,7,74,18.91891891891892,-139.60356870679163,0.43029082769425697,139.60356870679163
7,20,8,33,18.181818181818183,-57.980095313685695,0.42199142436887616,60.14236232428266
7,25,2,1699,14.714537963507945,70.64475748770178,1.0161317198685071,509.3389801630947
7,25,3,1085,15.2073732718894,-436.680489090919,0.8494672634469562,543.3414886355752
7,25,4,653,14.701378254211333,-198.35246721798876,0.880569735096223,342.5671569902322
7,25,5,351,15.66951566951567,-87.94117434118937,0.896661512354234,197.5629280326698
7,25,6,159,13.20754716981132,-192.18620851167748,0.5446215167427755,205.17633472172474
7,25,7,84,15.476190476190476,-57.73970732623826,0.74970835068691,71.48193963450467
7,25,8,40,17.5,-19.193860756047798,0.8513646177410611,50.62776041579957
7,30,2,1492,14.47721179624665,653.8298096002563,1.1736631960049266,305.1055329425103
7,30,3,942,15.286624203821656,409.7106178404638,1.1676208935197152,174.09793909289465
7,30,4,562,14.05693950177936,-220.2196775586653,0.8557534770846035,328.21145472503076
7,30,5,332,14.156626506024097,-194.3935281376099,0.7783232837298157,263.84034051909464
7,30,6,158,12.658227848101266,-202.89168615895483,0.5855053479027449,233.20273167827713
7,30,7,63,15.873015873015873,-61.271897716154,0.6899852793148625,93.76561466296903
7,30,8,37,8.108108108108109,-91.33779309587982,0.3280912466229512,107.08133932822079
8,10,2,3358,29.273377010125074,636.2387699872198,1.085286112704903,306.3171338560853
8,10,3,1989,30.316742081447963,62.85399338876499,1.014575967922478,317.7903286676957
8,10,4,1095,32.23744292237443,-137.75953230463227,0.9395202519160188,342.965625094006
8,10,5,556,33.273381294964025,-81.17886241538724,0.9280436953014419,161.50630057220042
8,10,6,235,37.87234042553192,0.9488223898743513,1.0023377427179265,72.29925012759588
8,10,7,111,36.03603603603604,-8.999161706144548,0.9565046004443173,63.63606262528947
8,10,8,51,27.45098039215686,-60.787860968584255,0.4747798131064073,67.64700483614024
8,15,2,2149,18.5202419730107,-123.33907638133485,0.9765059434491059,779.6711454376587
8,15,3,1291,19.364833462432223,-387.0807314562407,0.8783434768697045,563.8223797584981
8,15,4,751,19.70705725699068,-430.0351840795222,0.7749102239224163,467.5124448606134
8,15,5,385,20.25974025974026,-181.69426145695718,0.8131725154241833,295.4441649088376
8,15,6,163,18.404907975460123,-37.08575301666053,0.9167745192569945,119.01182594844954
8,15,7,78,20.512820512820515,-109.27497937247205,0.5308173330304174,128.3109250573914
8,15,8,37,18.91891891891892,-42.97223281055443,0.5919540241079404,50.534577499657644
8,20,2,1814,17.5303197353914,249.66805520192486,1.052390935081489,427.6187550457562
8,20,3,1096,17.7007299270073,-182.1055043039113,0.9390559227698184,423.4997102212956
8,20,4,659,18.361153262518968,-159.57789510614543,0.9079376654219309,360.6201087042857
8,20,5,365,19.17808219178082,-9.29867383895288,0.9905918974517519,292.7329648100608
8,20,6,156,17.94871794871795,-53.71200609251218,0.8815068314230317,146.7861881684771
8,20,7,71,18.309859154929576,-101.88635169754252,0.5689290727083012,100.66415722933391
8,20,8,36,13.88888888888889,-51.12442152589301,0.590002336108701,67.75338754701136
8,25,2,1619,15.3798641136504,89.57489426803545,1.0225771339622536,416.64722472677954
8,25,3,1013,15.399802566633761,-618.3331167980087,0.7580234479145738,721.284641806908
8,25,4,623,14.76725521669342,-517.3536186733443,0.6699737661687478,562.5627165353038
8,25,5,348,16.95402298850575,-222.92378445989328,0.7598409062544466,279.2014681523092
8,25,6,163,15.337423312883436,-175.61340566123891,0.5953080439288143,214.0760968291646
8,25,7,85,11.764705882352942,-152.38548636700625,0.4368305247520952,162.10286902432983
8,25,8,44,11.363636363636363,-72.80141371572887,0.49837590738056253,90.01878714857094
8,30,2,1434,13.458856345885634,1034.6785075939886,1.302403042006439,236.4099721919606
8,30,3,913,13.80065717415115,532.434963692458,1.2321429544241902,295.84291816333143
8,30,4,566,12.54416961130742,-122.7048329892844,0.9197307151042805,302.0923644714296
8,30,5,330,12.121212121212121,-224.41657591943027,0.7428204392306217,254.18960037651323
8,30,6,171,8.771929824561404,-189.99391801238613,0.6181977772064066,225.6564191187747
8,30,7,71,9.859154929577464,-103.76773110860677,0.5124561299910864,121.97089670533228
8,30,8,39,7.6923076923076925,-73.36010873306441,0.39019083602123633,87.68141351662496
9,10,2,4142,32.158377595364556,-34.319203020870646,0.9960732724458642,552.1760628448042
9,10,3,2412,33.66500829187397,-81.73896404207596,0.9836315468122561,433.88573369923495
9,10,4,1372,33.45481049562682,-369.1436075204294,0.8664740662875028,626.6444559336326
9,10,5,722,34.62603878116344,-46.50637325744282,0.9662463197853484,302.9150559516139
9,10,6,334,36.82634730538922,101.66044338562222,1.1720056843992175,94.78181625563388
9,10,7,155,40.0,3.414973221935554,1.012941630982032,41.64467599310319
9,10,8,66,39.39393939393939,7.965640510000412,1.064512507235525,31.294060100352908
9,15,2,2152,20.12081784386617,203.49455640087712,1.0389995044152516,308.4803819851322
9,15,3,1286,20.684292379471227,-363.3405974677273,0.8882603306279908,511.1681788794872
9,15,4,739,20.97428958051421,-434.76213451143633,0.7774550138531531,592.4498001032052
9,15,5,376,23.670212765957448,4.123504011324883,1.0040998621725525,245.2264827813765
9,15,6,180,20.555555555555557,-137.35836379386444,0.7338523556165987,160.0831479738381
9,15,7,76,19.736842105263158,-43.60480456701191,0.8107059036646793,120.39073497969389
9,15,8,36,19.444444444444443,-36.698970036559274,0.6474946392835131,47.76183551623444
9,20,2,1768,17.024886877828056,380.7553348100724,1.0845701118275433,244.0021189498582
9,20,3,1110,17.65765765765766,21.125482351477558,1.007375096976844,384.312526555412
9,20,4,659,17.754172989377846,93.06440645917502,1.0570249128291211,204.96583403191016
9,20,5,367,19.346049046321525,104.51535822790589,1.1118308107757167,226.55175733601482
9,20,6,173,17.341040462427745,2.0600613611046015,1.0040670883887421,180.11636219096476
9,20,7,79,15.189873417721518,9.475702596266729,1.036265870893975,90.7695189434894
9,20,8,40,12.5,-23.08664212716576,0.8165493990388946,52.210882479851875
9,25,2,1579,14.566181127295756,10.57555722071487,1.0027382745888698,467.48392088198716
9,25,3,989,15.773508594539939,-388.2873389688662,0.8397776022721288,451.47216153860415
9,25,4,605,15.041322314049587,-409.1992374330395,0.7274039082113269,476.45069513228134
9,25,5,330,14.848484848484848,-292.21792247372764,0.6658143492221165,296.4407795927501
9,25,6,162,15.432098765432098,-107.70866584631887,0.7514445990275026,175.02464871202142
9,25,7,80,11.25,-136.4933589786167,0.4484968827369238,148.03740442078504
9,25,8,41,14.634146341463415,-43.955143205096306,0.6143444792519389,65.24936501598381
9,30,2,1361,13.51947097722263,1120.613868987285,1.3493135145888724,258.4352877286128
9,30,3,865,13.872832369942197,557.008334903971,1.2653935072414213,308.0136339582009
9,30,4,528,13.825757575757576,-46.31711888649642,0.9650944515133854,286.16582315186974
9,30,5,307,14.98371335504886,-54.610990894933934,0.9290251084343506,204.39465986078267
9,30,6,168,14.880952380952381,-101.94303136336566,0.7890177743292857,145.73501578742616
9,30,7,81,13.580246913580247,-40.45260653170732,0.8309138697402297,76.30925852222458
9,30,8,41,14.634146341463415,-14.844528171692957,0.8564283000833207,38.9801279989656
10,15,2,2160,20.97222222222222,349.3380827319386,1.0668384713933863,351.9938952581947
10,15,3,1263,21.61520190023753,-385.9912798064054,0.8778547756450222,588.7724051546404
10,15,4,724,21.96132596685083,-542.7035271363544,0.7095890799054759,577.945995003498
10,15,5,391,24.04092071611253,-157.30305897661736,0.8446931096445957,342.9055139850482
10,15,6,199,25.12562814070352,-102.0660055146949,0.8090639625002037,157.53193811427195
10,15,7,90,21.11111111111111,-73.92632080980468,0.705445037319565,147.30796405776232
10,15,8,36,13.88888888888889,-70.34728380435581,0.37489797668607766,78.4304930830283
10,20,2,1726,17.72885283893395,52.71383484559976,1.0120413732739133,367.75701976148457
10,20,3,1053,17.758784425451093,-16.995946888281082,0.9936826870207716,321.33564501648254
10,20,4,631,18.38351822503962,43.516540104930925,1.028820934231979,169.32128029808177
10,20,5,337,20.474777448071215,-0.46748125217067127,0.9993940599113663,174.32126102021948
10,20,6,171,22.22222222222222,33.56313050752078,1.0827030761898402,109.43484031141702
10,20,7,75,12.0,-99.01988974799809,0.5557851207950393,116.14115516308686
10,20,8,34,14.705882352941176,-21.87333810443539,0.7774687631302617,48.34188250166267
10,25,2,1524,14.829396325459317,424.7321601960515,1.1134498476864259,253.8947294838615
10,25,3,924,15.909090909090908,-311.463963494598,0.8616873833004914,432.1363895405725
10,25,4,562,15.302491103202847,-226.70713766164369,0.8347238729320459,297.55577512040713
10,25,5,299,15.050167224080267,-189.6525746156076,0.7572827857326495,222.0249402305185
10,25,6,141,15.602836879432624,-56.94293671068874,0.8455126752594728,137.7037712621418
10,25,7,72,13.88888888888889,-108.93093008934011,0.5207422925036068,147.5445701425473
10,25,8,27,14.814814814814815,-47.18454830707407,0.4164267898959266,63.05745479790505
10,30,2,1268,14.589905362776026,864.3385171202855,1.2760431748456522,351.581357236666
10,30,3,823,15.43134872417983,589.9010862750133,1.2964477653644972,302.34689389019377
10,30,4,492,15.65040650406504,227.5870571280488,1.1975559897449395,138.14042072682855
10,30,5,283,16.96113074204947,320.59590403584576,1.4646491888769417,118.26945090465034
10,30,6,153,16.33986928104575,259.5003513060624,1.61444976005964,128.03682328988577
10,30,7,75,14.666666666666666,247.2117371738443,2.2628419030944404,55.46345714989593
10,30,8,36,16.666666666666668,79.73503749599587,1.8066676892387512,26.336966387373423
11,15,2,2321,21.844032744506677,-107.91131905379399,0.9801795058602102,455.7180382799811
11,15,3,1362,22.24669603524229,-289.07535264799907,0.913176905659298,473.10986786478475
11,15,4,788,24.365482233502537,-204.42397275681657,0.8888247281661468,489.09917767544516
11,15,5,415,23.373493975903614,-145.9767640982027,0.8564276088671146,339.95549655869786
11,15,6,213,23.474178403755868,-86.61024363797759,0.8384439390472194,180.56649905736526
11,15,7,99,19.19191919191919,-52.72584313977802,0.7890593695371492,114.64528412253799
11,15,8,42,16.666666666666668,4.298240781846573,1.0427720722105753,50.546062524502304
11,20,2,1723,18.107951247823564,248.9288164972158,1.057913302458335,267.5127208982012
11,20,3,1066,19.04315196998124,224.57691458601636,1.0852218623411092,239.2278414841462
11,20,4,628,19.745222929936304,189.52749799400556,1.121606381483905,186.40694985837263
11,20,5,334,21.55688622754491,73.0209158869223,1.0941562571704602,125.44426213308407
11,20,6,159,24.528301886792452,41.31021899064257,1.1104345260907595,111.45728455856079
11,20,7,82,18.29268292682927,-37.18163153220303,0.841301922356145,58.928403929701744
11,20,8,37,18.91891891891892,-24.42179457187831,0.7711639438799922,43.0491565124521
11,25,2,1477,14.895057549085985,288.75418471680854,1.0792974470202938,428.74609519077717
11,25,3,942,14.75583864118896,-659.0321735635716,0.7291858768648463,663.0720708145168
11,25,4,545,14.862385321100918,-414.6364190917262,0.7000488348180016,423.9941722567487
11,25,5,301,13.621262458471762,-314.3395315828022,0.6050760517972594,312.96393587339713
11,25,6,155,14.193548387096774,-138.12366971867044,0.6748682346015709,152.20936375993165
11,25,7,68,16.176470588235293,-15.679824453268111,0.9204715032753307,51.59593969177013
11,25,8,28,21.428571428571427,27.454864391339527,1.3209025875070954,32.587220581324345
11,30,2,1243,13.917940466613032,305.25156617314354,1.0996161323995375,288.8177048356674
11,30,3,837,14.456391875746714,257.8624600197775,1.124469764403873,270.9133599485517
11,30,4,500,16.0,166.70114946257803,1.1410404179427556,138.0613141014628
11,30,5,280,17.142857142857142,253.96539543088625,1.3813096101743654,91.17262643978188
11,30,6,156,16.025641025641026,151.33721384774088,1.347859429165398,122.54980371902548
11,30,7,74,16.216216216216218,153.91338760869832,1.8145004329652845,42.81979535105938
11,30,8,41,19.51219512195122,146.78620982512723,2.6316143366103524,33.762854093884926
12,15,2,2549,24.284032954099647,327.0323993567305,1.0564752802520367,565.1331105497666
12,15,3,1476,24.59349593495935,82.12863042808073,1.0243069592957141,422.53124729659567
12,15,4,815,26.012269938650306,-64.87063833732361,0.9634412286828961,426.6732952481673
12,15,5,423,28.13238770685579,102.32108853993395,1.1069187094307409,229.89461470211836
12,15,6,223,32.28699551569507,237.72218692421563,1.466370837192029,144.85429156811847
12,15,7,105,30.476190476190474,84.97202643910532,1.3507212198873229,46.4536154218672
12,15,8,54,33.333333333333336,90.95029433058858,1.7028632241478774,29.06772972806283
12,20,2,1708,17.681498829039814,134.4677553310308,1.0321520723727646,395.19424339215766
12,20,3,1058,18.33648393194707,165.44480565087508,1.0630576964238232,298.3037547023782
12,20,4,621,17.55233494363929,-38.595812276870674,0.9764555714250044,302.8722549563429
12,20,5,342,19.5906432748538,0.9012672116563749,1.0010447915509877,164.09870056315867
12,20,6,172,25.0,99.70897191616706,1.219530914859382,153.12658924563175
12,20,7,87,25.28735632183908,56.186619551992464,1.2304871001449482,68.10843718770548
12,20,8,38,26.31578947368421,-22.437112078343603,0.8012605312457095,51.89681889333576
12,25,2,1500,14.266666666666667,255.75456768221608,1.069402992261485,346.7905842975672
12,25,3,932,14.270386266094421,60.563309878822906,1.0253943083755037,243.29392900945186
12,25,4,540,15.185185185185185,-41.158876585030384,0.9685259637508057,240.18029512239264
12,25,5,302,14.23841059602649,-80.45642712804818,0.8999617231343077,205.21165454491324
12,25,6,161,13.664596273291925,58.47606273549502,1.1273062101262112,141.61704045870306
12,25,7,72,15.277777777777779,113.13128305699502,1.5407062888399432,64.93912636810728
12,25,8,28,14.285714285714286,30.925534757625883,1.375198488296983,29.01448483086324
12,30,2,1209,13.48221670802316,666.4701110677505,1.2297119378289745,216.82560078584902
12,30,3,817,13.586291309669523,530.6196606011287,1.281995453425268,198.3897368236337
12,30,4,493,15.010141987829615,263.3467796584955,1.2373491616388375,166.74298116389423
12,30,5,260,16.923076923076923,225.5939643304444,1.4003257170938062,124.83285729722843
12,30,6,150,17.333333333333332,222.9987463549619,1.5896610268373303,101.19292070250287
12,30,7,74,14.864864864864865,185.51279082751722,2.0323057805069027,40.96196513569919
12,30,8,39,12.820512820512821,102.28073479710918,2.0110861777412987,36.09089797409388
13,15,2,2999,26.708902967655884,777.2545383647926,1.1186422555705593,296.0569878961164
13,15,3,1777,27.34946539110861,411.8259812542407,1.102408252255182,310.0059116192615
13,15,4,955,28.79581151832461,165.35497805121082,1.0792356879602674,359.5869079865922
13,15,5,462,28.78787878787879,59.33161576732539,1.0566775000190842,204.44760139013033
13,15,6,250,29.6,59.338494741631735,1.104836198894129,120.13267965944851
13,15,7,128,27.34375,-43.47218080378144,0.8469193359923567,106.10160798826439
13,15,8,60,31.666666666666668,-22.411176028482146,0.8236051272484237,60.05578800185185
13,20,2,1732,18.36027713625866,-216.45471278601707,0.9506691310015274,521.6526378037008
13,20,3,1064,17.951127819548873,-382.1076479852017,0.8638809443924697,689.0904176485128
13,20,4,628,17.197452229299362,-341.3796399555907,0.8027368217712585,480.46374965721066
13,20,5,347,17.29106628242075,-99.66564588540865,0.8909763823066461,231.41202635544505
13,20,6,178,21.348314606741575,106.883496717399,1.2288644961497683,178.47213424555048
13,20,7,94,23.404255319148938,63.96635226345626,1.2629831557381435,84.32558016386633
13,20,8,35,22.857142857142858,-9.601435863249662,0.8942240389618322,44.59423180938677
13,25,2,1512,16.005291005291006,789.707041977646,1.2254963835647108,266.8182964340099
13,25,3,965,16.580310880829014,547.2810382400164,1.2486896187687015,151.85560397217114
13,25,4,582,15.807560137457045,80.29025503873675,1.0595740055444045,170.1796909450643
13,25,5,313,15.97444089456869,30.077533319055362,1.0399487777635363,164.92640331375515
13,25,6,170,15.882352941176471,133.47677990602142,1.3066083031228513,111.38418463379844
13,25,7,77,15.584415584415584,189.33825975725262,2.0175551618437284,36.62182261403473
13,25,8,34,20.58823529411765,210.35486028753354,3.9381164857327087,20.229665158815806
13,30,2,1186,13.322091062394604,797.2160074599785,1.298231599077633,223.86870905541832
13,30,3,801,11.735330836454432,26.316772707593998,1.0138244248345971,326.1881711413005
13,30,4,493,13.387423935091277,200.5042993951949,1.187174533832907,221.6115866443954
13,30,5,263,13.307984790874524,133.7841254740543,1.2490972538882703,147.542724558504
13,30,6,141,13.47517730496454,123.37783673444034,1.3691270889615894,123.95261853863894
13,30,7,75,9.333333333333334,143.0798541341316,1.7836550543630536,66.84637554179074
13,30,8,39,10.256410256410257,106.68656203246286,2.1616133323555697,41.663995398535235
14,15,2,3953,30.584366304072855,908.286785929884,1.1125263014509161,348.8748737101005
14,15,3,2346,30.861040068201195,788.3469171788327,1.1598895105977733,257.28324475434874
14,15,4,1280,32.734375,431.3293050190389,1.167159827327461,320.5837083001393
14,15,5,639,34.42879499217528,251.27191447298378,1.1991363959028962,200.23441171694867
14,15,6,301,36.21262458471761,170.65772940265765,1.2943378080027814,130.23195122366678
14,15,7,142,36.61971830985915,60.127045026875294,1.2244275385373085,64.72004334374549
14,15,8,70,32.857142857142854,-37.838645354558935,0.7241249703455089,60.83516134327601
14,20,2,1836,19.607843137254903,-155.9044759366933,0.9665289806924318,593.3359849054073
14,20,3,1117,17.994628469113696,-522.1099827695382,0.8241402587491384,810.7174462043236
14,20,4,664,16.716867469879517,-477.50679472306683,0.7481088141499536,674.8940277426316
14,20,5,345,16.81159420289855,-291.15813277609163,0.6872758241298444,362.9004865302477
14,20,6,175,20.0,-19.812592485057678,0.9569929647695549,185.7430719740339
14,20,7,83,15.662650602409638,-66.67148675623105,0.7135753709127938,116.85839054094549
14,20,8,44,15.909090909090908,-40.70099811699981,0.6808540769071709,67.99854529911408
14,25,2,1500,16.8,1002.9404907046735,1.288528827918792,189.26211567559972
14,25,3,961,16.649323621227886,352.97827490635535,1.1555949371147987,166.60876556061157
14,25,4,567,16.57848324514991,49.99631448499747,1.0372694167099048,193.38260530543653
14,25,5,314,17.515923566878982,88.35213030146963,1.1203219210451243,152.1145823034019
14,25,6,164,17.073170731707318,137.13595267887416,1.3108150194027333,111.29979884797217
14,25,7,68,16.176470588235293,176.47434574889655,2.008853426928275,42.92122549108933
14,25,8,36,19.444444444444443,220.226399791856,3.3582984517730115,27.08254848488741
14,30,2,1170,12.991452991452991,578.8399636845679,1.2072177376447135,234.37324131076593
14,30,3,775,11.483870967741936,71.09531398148351,1.0370196569103844,339.8478183584625
14,30,4,479,12.108559498956158,212.91096239960973,1.1839548124153492,214.0479837235555
14,30,5,275,13.454545454545455,151.66993318030546,1.256580586066567,95.75543433804614
14,30,6,135,11.851851851851851,63.493126443725885,1.195968330640999,134.12604588506292
14,30,7,71,9.859154929577464,120.78813138076481,1.6560227325878103,79.45216917026505
14,30,8,35,8.571428571428571,60.88468235169597,1.6486387504681932,61.52981980013374
15,20,2,1961,19.63284038755737,-211.92313572367897,0.9556490572729793,411.9009125876994
15,20,3,1186,19.139966273187184,-529.7902585467652,0.8208152373382473,600.3858403783042
15,20,4,687,20.087336244541486,-261.501088045217,0.8473156718858849,479.7473598777656
15,20,5,373,19.571045576407506,-237.0242129212529,0.7394290918763275,277.68903067856485
15,20,6,189,19.047619047619047,-184.24339029661394,0.6015871473945402,217.6386877807082
15,20,7,97,17.52577319587629,-135.1070063674054,0.4793905483938472,142.6082500201063
15,20,8,50,16.0,-51.63972143364225,0.6487087123021986,77.66014678000715
15,25,2,1513,16.78783873099802,910.9475243694176,1.2635376487215955,223.17674324766995
15,25,3,958,15.866388308977035,226.55743522780165,1.101782278709485,227.694729314945
15,25,4,576,15.972222222222221,200.94342224105412,1.1518081861530904,159.94671273596066
15,25,5,315,16.19047619047619,62.33079666125104,1.0894183767733614,116.1980361605431
15,25,6,161,14.285714285714286,70.58239751674756,1.1733284540902194,126.29252562293755
15,25,7,77,12.987012987012987,126.9610650957573,1.6932499916642034,77.01350841340172
15,25,8,34,17.647058823529413,213.5771926874898,3.745109078514544,39.35207073713855
15,30,2,1171,13.492741246797609,714.9551332051765,1.2565943195373361,263.9060836957924
15,30,3,776,13.144329896907216,296.0445482354271,1.1565325205719874,225.60659462181502
15,30,4,478,14.435146443514645,371.6950369086894,1.3223287839062594,133.30823166209348
15,30,5,270,16.296296296296298,342.74728736032273,1.5738347046719925,84.13777041096364
15,30,6,145,13.10344827586207,210.8693178671807,1.6276046601310878,111.5366588226509
15,30,7,73,13.698630136986301,176.54984426381685,2.0055227683536736,67.92168724735336
15,30,8,40,12.5,86.58145497618892,1.843474741469593,65.23582864884065
